,episode,total_reward
0,0,-4.103999999999999
1,1,-0.35200000000000387
2,2,-188.589
