,episode,total_reward
0,0,-3.1029999999999944
1,1,-0.3509999999999991
2,2,-121.72
