,episode,total_reward
0,0,-295.095
1,1,-4.200000000000003
2,2,-4.418000000000006
