,episode,total_reward
0,0,-6.1059999999999945
1,1,-4.323999999999998
2,2,-3.540999999999997
